amount_received,amount_paid,amount_ratio,log_amount_paid,log_amount_received,amount_difference,hour_of_day,day_of_week,from_bank,to_bank,payment_format,payment_currency,receiving_currency,is_high_risk_format,is_cross_currency,is_bitcoin,is_laundering
6794.63,6794.63,0.9999999999998528,8.824035037519241,8.824035037519241,0.0,0,0,20,20,5,12,12,0,0,0,0
7739.29,7739.29,0.9999999999998708,8.954194433582135,8.954194433582135,0.0,0,0,3196,3196,5,12,12,0,0,0,0
1880.23,1880.23,0.9999999999994682,7.539681097211438,7.539681097211438,0.0,0,0,1208,1208,5,12,12,0,0,0,0
73966883.0,73966883.0,1.0,18.119128037490874,18.119128037490874,0.0,0,0,1208,20,3,12,12,0,0,0,0
45868454.0,45868454.0,1.0,17.641288183860905,17.641288183860905,0.0,0,0,1208,20,3,12,12,0,0,0,0
13284.41,13284.41,0.9999999999999247,9.49442171959199,9.49442171959199,0.0,0,0,3203,3203,5,12,12,0,0,0,0
9.72,9.72,0.9999999998971193,2.372111155642656,2.372111155642656,0.0,0,0,20,20,5,12,12,0,0,0,0
7.66,7.66,0.9999999998694517,2.1587147225743437,2.1587147225743437,0.0,0,0,1208,1208,5,12,12,0,0,0,0
16.33,16.33,0.999999999938763,2.8524391037275145,2.8524391037275145,0.0,0,0,11,11,5,12,12,0,0,0,0
4.86,4.86,0.9999999997942387,1.7681496035889213,1.7681496035889213,0.0,0,0,1208,1208,5,12,12,0,0,0,0
3.24,3.24,0.999999999691358,1.4445632692438664,1.4445632692438664,0.0,0,0,20,183112,4,12,12,0,0,0,0
47.17,47.17,0.9999999999788002,3.8747364206421295,3.8747364206421295,0.0,0,0,20,1601,4,12,12,0,0,0,0
848368.76,848368.76,0.9999999999999988,13.651071857473061,13.651071857473061,0.0,0,0,20,20,5,12,12,0,0,0,0
10134.05,10134.05,0.9999999999999013,9.223754992273044,9.223754992273044,0.0,0,0,3566,3566,5,12,12,0,0,0,0
335999.68,335999.68,0.999999999999997,12.724868462752816,12.724868462752816,0.0,0,0,11,2776,3,12,12,0,0,0,0
121.98,121.98,0.9999999999918019,4.812021740525323,4.812021740525323,0.0,0,0,0,0,5,12,12,0,0,0,0
45.39,45.39,0.9999999999779688,3.8370839187636525,3.8370839187636525,0.0,0,0,11,249457,4,12,12,0,0,0,0
23.4,23.4,0.999999999957265,3.1945831322991562,3.1945831322991562,0.0,0,0,0,0,5,12,12,0,0,0,0
30.23,30.23,0.9999999999669202,3.441379171294987,3.441379171294987,0.0,0,0,2776,71901,4,12,12,0,0,0,0
7.37,7.37,0.9999999998643148,2.124653884501384,2.124653884501384,0.0,0,0,11081,11081,5,12,12,0,0,0,0
121.38,121.38,0.9999999999917614,4.807130958034395,4.807130958034395,0.0,0,0,1601,260376,4,12,12,0,0,0,0
9.29,9.29,0.9999999998923573,2.331172549845958,2.331172549845958,0.0,0,0,544,1924,4,12,12,0,0,0,0
178265.0,178265.0,0.9999999999999944,12.091032095819042,12.091032095819042,0.0,0,0,21418,1315,3,12,12,0,0,0,0
4968.24,4968.24,0.9999999999997986,8.51102218989257,8.51102218989257,0.0,0,0,741,741,5,12,12,0,0,0,0
15.97,15.97,0.9999999999373825,2.831447079246135,2.831447079246135,0.0,0,0,1046,1046,5,12,12,0,0,0,0
165.63,165.63,0.9999999999939625,5.115775785550532,5.115775785550532,0.0,0,0,1315,125106,4,12,12,0,0,0,0
26.42,26.42,0.9999999999621498,3.3112726741341683,3.3112726741341683,0.0,0,0,1046,274159,4,12,12,0,0,0,0
298.47,298.47,0.9999999999966496,5.702014245593553,5.702014245593553,0.0,0,0,1601,2190056,4,12,12,0,0,0,0
0.09,0.09,0.999999988888889,0.08617769624105233,0.08617769624105233,0.0,0,0,1601,21418,4,12,12,0,0,0,0
34776847.1,34776847.1,1.0,17.36446243886202,17.36446243886202,0.0,0,0,0,0,5,12,12,0,0,0,0
4332.0,4332.0,0.9999999999997691,8.374015421739909,8.374015421739909,0.0,0,0,0,2310,3,12,12,0,0,0,0
369786.0,369786.0,0.9999999999999973,12.82068244317987,12.82068244317987,0.0,0,0,1488,2776,3,12,12,0,0,0,0
1560.89,1560.89,0.9999999999993594,7.353651905384637,7.353651905384637,0.0,0,0,31386,31386,5,12,12,0,0,0,0
84.38,84.38,0.9999999999881488,4.447111881329816,4.447111881329816,0.0,0,0,31857,31857,5,12,12,0,0,0,0
34.33,34.33,0.9999999999708711,3.5647324613710536,3.5647324613710536,0.0,0,0,11304,4011,4,12,12,0,0,0,0
8.69,8.69,0.9999999998849252,2.2710944259026746,2.2710944259026746,0.0,0,0,2310,48786,4,12,12,0,0,0,0
59.37,59.37,0.9999999999831566,4.100492292808335,4.100492292808335,0.0,0,0,20,4011,4,12,12,0,0,0,0
0.06,0.06,0.9999999833333336,0.05826890812397577,0.05826890812397577,0.0,0,0,2776,261418,4,12,12,0,0,0,0
17.2,17.2,0.9999999999418605,2.9014215940827497,2.9014215940827497,0.0,0,0,2776,2776,5,12,12,0,0,0,0
24.63,24.63,0.9999999999593991,3.24376354037598,3.24376354037598,0.0,0,0,1818,1818,5,12,12,0,0,0,0
41.4,41.4,0.9999999999758455,3.7471483622379123,3.7471483622379123,0.0,0,0,1818,4011,4,12,12,0,0,0,0
19.44,19.44,0.9999999999485597,3.017493765335504,3.017493765335504,0.0,0,0,1313,4011,4,12,12,0,0,0,0
0.18,0.18,0.9999999944444444,0.16551443847757338,0.16551443847757338,0.0,0,0,1922,4011,4,12,12,0,0,0,0
7844.45,7844.45,0.9999999999998724,8.967689024898705,8.967689024898705,0.0,0,0,1315,1315,5,12,12,0,0,0,0
1313043.0,1313043.0,0.9999999999999993,14.087858663766863,14.087858663766863,0.0,0,0,2954,1818,0,12,12,0,0,0,0
2369525.72,2369525.72,0.9999999999999996,14.678200796966841,14.678200796966841,0.0,0,0,1924,544,3,12,12,0,0,0,0
1293.21,1293.21,0.9999999999992267,7.165655749374337,7.165655749374337,0.0,0,0,20,20,5,12,12,0,0,0,0
601783.0,601783.0,0.9999999999999982,13.307653855918694,13.307653855918694,0.0,0,0,1313,20,3,12,12,0,0,0,0
2567249.0,2567249.0,0.9999999999999997,14.758345845060541,14.758345845060541,0.0,0,0,21418,2310,0,12,12,0,0,0,0
27563.11,27563.11,0.9999999999999637,10.22426984318166,10.22426984318166,0.0,0,0,1046,1046,5,12,12,0,0,0,0
0.01,0.01,0.99999990000001,0.009950330853168083,0.009950330853168083,0.0,0,0,31620,0,3,12,12,0,0,0,0
23.61,23.61,0.9999999999576451,3.2031528644029645,3.2031528644029645,0.0,0,0,21418,21418,5,12,12,0,0,0,0
3.8,3.8,0.9999999997368421,1.5686159179138452,1.5686159179138452,0.0,0,0,1315,1315,5,12,12,0,0,0,0
0.13,0.13,0.9999999923076923,0.12221763272424921,0.12221763272424921,0.0,0,0,1818,53518,4,12,12,0,0,0,0
18.87,18.87,0.9999999999470058,2.9892110565637253,2.9892110565637253,0.0,0,0,544,165399,4,12,12,0,0,0,0
7.29,7.29,0.9999999998628257,2.1150499691472033,2.1150499691472033,0.0,0,0,0,0,5,12,12,0,0,0,0
19.72,19.72,0.99999999994929,3.031099417391282,3.031099417391282,0.0,0,0,20,20,5,12,12,0,0,0,0
44.9,44.9,0.9999999999777284,3.8264651170664994,3.8264651170664994,0.0,0,0,20,53518,4,12,12,0,0,0,0
9.02,9.02,0.9999999998891352,2.3045830956567186,2.3045830956567186,0.0,0,0,2310,158866,4,12,12,0,0,0,0
17.34,17.34,0.9999999999423299,2.9090844668283187,2.9090844668283187,0.0,0,0,1046,1046,5,12,12,0,0,0,0
3.44,3.44,0.9999999997093023,1.4906543764441333,1.4906543764441333,0.0,0,0,741,8513,4,12,12,0,0,0,0
3.82,3.82,0.9999999997382198,1.572773928062509,1.572773928062509,0.0,0,0,1922,1922,5,12,12,0,0,0,0
1519.05,1519.05,0.9999999999993417,7.326498508036144,7.326498508036144,0.0,0,0,11796,11796,5,12,12,0,0,0,0
5956.72,5956.72,0.999999999999832,8.692443136532779,8.692443136532779,0.0,0,0,718,718,5,12,12,0,0,0,0
5876999.99,5876999.99,0.9999999999999999,15.586557154048066,15.586557154048066,0.0,0,0,1601,2776,3,12,12,0,0,0,0
502.67,502.67,0.9999999999980106,6.221921291716416,6.221921291716416,0.0,0,0,867,867,5,12,12,0,0,0,0
5914.14,5914.14,0.9999999999998308,8.685270444771442,8.685270444771442,0.0,0,0,32041,32041,5,12,12,0,0,0,0
1292.36,1292.36,0.9999999999992262,7.164998762293351,7.164998762293351,0.0,0,0,11,11,5,12,12,0,0,0,0
511637.03,511637.03,0.9999999999999981,13.14537268134238,13.14537268134238,0.0,0,0,1601,0,3,12,12,0,0,0,0
12373.74,12373.74,0.9999999999999192,9.423412577115165,9.423412577115165,0.0,0,0,32248,11,0,12,12,0,0,0,0
626872.0,626872.0,0.9999999999999983,13.348499247264535,13.348499247264535,0.0,0,0,11,20,0,12,12,0,0,0,0
60435.61,60435.61,0.9999999999999835,11.009350326130656,11.009350326130656,0.0,0,0,741,741,5,12,12,0,0,0,0
12995.31,12995.31,0.9999999999999231,9.472420749997884,9.472420749997884,0.0,0,0,0,0,5,12,12,0,0,0,0
19757.75,19757.75,0.9999999999999494,9.891351710191605,9.891351710191605,0.0,0,0,31398,31398,5,12,12,0,0,0,0
2081.03,2081.03,0.9999999999995195,7.6410986582930045,7.6410986582930045,0.0,0,0,33548,33548,5,12,12,0,0,0,0
4981.27,4981.27,0.9999999999997992,8.513640889455992,8.513640889455992,0.0,0,0,11798,11798,5,12,12,0,0,0,0
13.76,13.76,0.9999999999273256,2.6919208191723265,2.6919208191723265,0.0,0,0,718,718,5,12,12,0,0,0,0
3.54,3.54,0.9999999997175141,1.5129270120532565,1.5129270120532565,0.0,0,0,2776,86993,4,12,12,0,0,0,0
233.8,233.8,0.9999999999957229,5.458734087953942,5.458734087953942,0.0,0,0,11081,139958,4,12,12,0,0,0,0
15.76,15.76,0.9999999999365482,2.818995095053937,2.818995095053937,0.0,0,0,1315,1315,5,12,12,0,0,0,0
28.22,28.22,0.9999999999645641,3.3748534063225533,3.3748534063225533,0.0,0,0,952,10409,4,12,12,0,0,0,0
138.35,138.35,0.999999999992772,4.936988753927957,4.936988753927957,0.0,0,0,1488,78911,4,12,12,0,0,0,0
43.99,43.99,0.9999999999772676,3.806440242853081,3.806440242853081,0.0,0,0,0,86993,4,12,12,0,0,0,0
19.61,19.61,0.9999999999490056,3.0257763949023677,3.0257763949023677,0.0,0,0,20,120090,4,12,12,0,0,0,0
22.94,22.94,0.999999999956408,3.1755507001298273,3.1755507001298273,0.0,0,0,1924,1924,5,12,12,0,0,0,0
9.38,9.38,0.9999999998933902,2.3398808777377424,2.3398808777377424,0.0,0,0,544,223111,4,12,12,0,0,0,0
27.56,27.56,0.9999999999637156,3.3520071374713836,3.3520071374713836,0.0,0,0,0,235792,4,12,12,0,0,0,0
191.0,191.0,0.9999999999947644,5.2574953720277815,5.2574953720277815,0.0,0,0,0,1922,0,12,12,0,0,0,0
3502.12,3502.12,0.9999999999997145,8.16140927896245,8.16140927896245,0.0,0,0,33569,33569,5,12,12,0,0,0,0
2070101.0,2070101.0,0.9999999999999996,14.54310843938988,14.54310843938988,0.0,0,0,20,867,0,12,12,0,0,0,0
167.4,167.4,0.9999999999940263,5.126342101808226,5.126342101808226,0.0,0,0,20,20,5,12,12,0,0,0,0
10354.6,10354.6,0.9999999999999034,9.245282715173747,9.245282715173747,0.0,0,0,20,20,5,12,12,0,0,0,0
407.08,407.08,0.9999999999975435,6.011463233614671,6.011463233614671,0.0,0,0,2310,2310,5,12,12,0,0,0,0
6046.74,6046.74,0.9999999999998346,8.707439927517308,8.707439927517308,0.0,0,0,2597,2597,5,12,12,0,0,0,0
87046.0,87046.0,0.9999999999999885,11.374203481650147,11.374203481650147,0.0,0,0,544,741,0,12,12,0,0,0,0
5102.78,5102.78,0.9999999999998039,8.53773672064737,8.53773672064737,0.0,0,0,1818,1818,5,12,12,0,0,0,0
527592.03,527592.03,0.999999999999998,13.176080488972302,13.176080488972302,0.0,0,0,11304,23435,0,12,12,0,0,0,0
2443.32,2443.32,0.9999999999995908,7.801522244617413,7.801522244617413,0.0,0,0,33586,33586,5,12,12,0,0,0,0
4397.0,4397.0,0.9999999999997725,8.388905171114706,8.388905171114706,0.0,0,0,544,544,6,12,12,1,0,0,0
20.7,20.7,0.9999999999516909,3.077312260546414,3.077312260546414,0.0,0,0,1922,12696,4,12,12,0,0,0,0
22.39,22.39,0.9999999999553372,3.1523085805960878,3.1523085805960878,0.0,0,0,867,124809,4,12,12,0,0,0,0
45.89,45.89,0.9999999999782089,3.847804433101495,3.847804433101495,0.0,0,0,718,7793,4,12,12,0,0,0,0
3.45,3.45,0.9999999997101449,1.4929040961781488,1.4929040961781488,0.0,0,0,0,13514,4,12,12,0,0,0,0
5.22,5.22,0.9999999998084291,1.827769906751088,1.827769906751088,0.0,0,0,2597,2597,5,12,12,0,0,0,0
23.31,23.31,0.9999999999571,3.1908877883280318,3.1908877883280318,0.0,0,0,1315,1315,5,12,12,0,0,0,0
3.78,3.78,0.9999999997354497,1.5644405465033644,1.5644405465033644,0.0,0,0,11848,12696,4,12,12,0,0,0,0
37.93,37.93,0.9999999999736358,3.6617651616223643,3.6617651616223643,0.0,0,0,741,124809,4,12,12,0,0,0,0
20.23,20.23,0.9999999999505684,3.055415275715165,3.055415275715165,0.0,0,0,1818,1818,5,12,12,0,0,0,0
31.47,31.47,0.9999999999682238,3.4803165861147547,3.4803165861147547,0.0,0,0,23435,2177828,4,12,12,0,0,0,0
640945.0,640945.0,0.9999999999999983,13.3707004889844,13.3707004889844,0.0,0,0,2310,20,0,12,12,0,0,0,0
761859.0,761859.0,0.9999999999999987,13.543518090754784,13.543518090754784,0.0,0,0,3503,1922,3,12,12,0,0,0,0
877182.0,877182.0,0.9999999999999988,13.684470915493117,13.684470915493117,0.0,0,0,2310,20,3,12,12,0,0,0,0
663200.0,663200.0,0.9999999999999984,13.404833390642857,13.404833390642857,0.0,0,0,1488,11304,0,12,12,0,0,0,0
69781.56,69781.56,0.9999999999999856,11.153139400797546,11.153139400797546,0.0,0,0,2310,2776,0,12,12,0,0,0,0
12913.9,12913.9,0.9999999999999225,9.466136962565391,9.466136962565391,0.0,0,0,33599,33599,5,12,12,0,0,0,0
8.32,8.32,0.9999999998798077,2.2321626286975,2.2321626286975,0.0,0,0,1313,1313,5,12,12,0,0,0,0
70.96,70.96,0.9999999999859075,4.2761104090823325,4.2761104090823325,0.0,0,0,20,27934,4,12,12,0,0,0,0
41.77,41.77,0.9999999999760595,3.7558369222388173,3.7558369222388173,0.0,0,0,1922,242337,4,12,12,0,0,0,0
7.42,7.42,0.9999999998652291,2.130609828254235,2.130609828254235,0.0,0,0,2310,2310,5,12,12,0,0,0,0
91.07,91.07,0.9999999999890195,4.522549157299754,4.522549157299754,0.0,0,0,20,2147575,4,12,12,0,0,0,0
19.6,19.6,0.9999999999489796,3.0252910757955354,3.0252910757955354,0.0,0,0,11304,2147575,4,12,12,0,0,0,0
35.1,35.1,0.9999999999715101,3.586292865338835,3.586292865338835,0.0,0,0,11304,213895,4,12,12,0,0,0,0
34.99,34.99,0.9999999999714205,3.5832411220909393,3.5832411220909393,0.0,0,0,2776,242337,4,12,12,0,0,0,0
46925.0,46925.0,0.9999999999999788,10.756327171829666,10.756327171829666,0.0,0,0,23128,12696,3,12,12,0,0,0,0
72.75,72.75,0.9999999999862542,4.300680995219929,4.300680995219929,0.0,0,0,11304,11304,5,12,12,0,0,0,0
1185313.0,1185313.0,0.9999999999999992,13.985518276353613,13.985518276353613,0.0,0,0,21418,12582,3,12,12,0,0,0,0
338.07,338.07,0.999999999997042,5.826206575739907,5.826206575739907,0.0,0,0,11796,11796,5,12,12,0,0,0,0
791.74,791.74,0.999999999998737,6.675495299021645,6.675495299021645,0.0,0,0,23128,23128,5,12,12,0,0,0,0
14.85,14.85,0.99999999993266,2.7631695003232895,2.7631695003232895,0.0,0,0,867,867,5,12,12,0,0,0,0
22.02,22.02,0.9999999999545868,3.1363634032937364,3.1363634032937364,0.0,0,0,12696,112140,4,12,12,0,0,0,0
22.64,22.64,0.9999999999558303,3.1629401925378975,3.1629401925378975,0.0,0,0,11304,11304,5,12,12,0,0,0,0
74.78,74.78,0.9999999999866274,4.327834405590455,4.327834405590455,0.0,0,0,12582,168775,4,12,12,0,0,0,0
5.87,5.87,0.9999999998296423,1.927164106234258,1.927164106234258,0.0,0,0,11796,11796,5,12,12,0,0,0,0
686624.05,686624.05,0.9999999999999984,13.439543643464871,13.439543643464871,0.0,0,0,1601,1601,5,12,12,0,0,0,0
1208.88,1208.88,0.9999999999991728,7.098276460119046,7.098276460119046,0.0,0,0,952,952,5,12,12,0,0,0,0
114080.64,114080.64,0.9999999999999912,11.644669611421369,11.644669611421369,0.0,0,0,952,23128,0,12,12,0,0,0,0
2954.0,2954.0,0.9999999999996615,7.991253929840199,7.991253929840199,0.0,0,0,2310,2597,3,12,12,0,0,0,0
71211.0,71211.0,0.9999999999999859,11.173416622524753,11.173416622524753,0.0,0,0,0,952,0,12,12,0,0,0,0
12.64,12.64,0.9999999999208861,2.613006652415316,2.613006652415316,0.0,0,0,952,288720,4,12,12,0,0,0,0
22.21,22.21,0.9999999999549752,3.1445832202863455,3.1445832202863455,0.0,0,0,20,246084,4,12,12,0,0,0,0
46.77,46.77,0.9999999999786189,3.8663978274018707,3.8663978274018707,0.0,0,0,23128,288720,4,12,12,0,0,0,0
14.88,14.88,0.9999999999327956,2.7650604558189897,2.7650604558189897,0.0,0,0,2597,14992,4,12,12,0,0,0,0
7.17,7.17,0.99999999986053,2.1004689088719113,2.1004689088719113,0.0,0,0,1922,7810,4,12,12,0,0,0,0
201.71,201.71,0.9999999999950424,5.311776386232193,5.311776386232193,0.0,0,0,23128,23128,5,12,12,0,0,0,0
1569753.0,1569753.0,0.9999999999999994,14.26642947714957,14.26642947714957,0.0,0,0,1488,867,0,12,12,0,0,0,0
17867.58,17867.58,0.999999999999944,9.790799142209346,9.790799142209346,0.0,0,0,2310,2310,5,12,12,0,0,0,0
775993.92,775993.92,0.9999999999999987,13.561901252752175,13.561901252752175,0.0,0,0,11848,23435,3,12,12,0,0,0,0
33.59,33.59,0.9999999999702294,3.5435646229490776,3.5435646229490776,0.0,0,0,1208,1122461,4,12,12,0,0,0,0
2.67,2.67,0.9999999996254682,1.3001916620664788,1.3001916620664788,0.0,0,0,867,11,4,12,12,0,0,0,0
140.21,140.21,0.9999999999928679,4.9502481440811605,4.9502481440811605,0.0,0,0,741,1122461,4,12,12,0,0,0,0
171.1,171.1,0.9999999999941556,5.1480757032174935,5.1480757032174935,0.0,0,0,23435,257757,4,12,12,0,0,0,0
7.53,7.53,0.9999999998671979,2.143589361503588,2.143589361503588,0.0,0,0,3503,1122461,4,12,12,0,0,0,0
10.98,10.98,0.9999999999089253,2.4832385926873033,2.4832385926873033,0.0,0,0,13600,13600,5,12,12,0,0,0,0
9913.93,9913.93,0.9999999999998991,9.201796980918889,9.201796980918889,0.0,0,0,33944,33944,5,12,12,0,0,0,0
1039.19,1039.19,0.9999999999990378,6.947158667756903,6.947158667756903,0.0,0,0,1831,1831,5,12,12,0,0,0,0
73.62,73.62,0.9999999999864166,4.312408567793012,4.312408567793012,0.0,0,0,23435,23435,5,12,12,0,0,0,0
2038.57,2038.57,0.9999999999995095,7.620494280306401,7.620494280306401,0.0,0,0,11,11,5,12,12,0,0,0,0
2783.0,2783.0,0.9999999999996407,7.931644021454311,7.931644021454311,0.0,0,0,11,23435,3,12,12,0,0,0,0
8.78,8.78,0.9999999998861048,2.280339484046726,2.280339484046726,0.0,0,0,544,544,5,12,12,0,0,0,0
36.9,36.9,0.9999999999728998,3.634951112088381,3.634951112088381,0.0,0,0,3503,273734,4,12,12,0,0,0,0
870925.43,870925.43,0.9999999999999988,13.67731278613629,13.67731278613629,0.0,0,0,13843,13843,5,12,12,0,0,0,0
27040.0,27040.0,0.999999999999963,10.205109511721595,10.205109511721595,0.0,0,0,20,214,3,12,12,0,0,0,0
1284.62,1284.62,0.9999999999992216,7.158996371240689,7.158996371240689,0.0,0,0,13843,13843,5,12,12,0,0,0,0
42111.0,42111.0,0.9999999999999764,10.648088014684989,10.648088014684989,0.0,0,0,718,13843,0,12,12,0,0,0,0
11162.01,11162.01,0.9999999999999104,9.320360912830868,9.320360912830868,0.0,0,0,3898,3898,5,12,12,0,0,0,0
529263.0,529263.0,0.999999999999998,13.17924264117441,13.17924264117441,0.0,0,0,13843,13600,3,12,12,0,0,0,0
1189.31,1189.31,0.9999999999991592,7.0819690563819275,7.0819690563819275,0.0,0,0,0,0,5,12,12,0,0,0,0
0.01,0.01,0.99999990000001,0.009950330853168083,0.009950330853168083,0.0,0,0,34421,1922,3,12,12,0,0,0,0
2249035.0,2249035.0,0.9999999999999996,14.626012237927613,14.626012237927613,0.0,0,0,13843,3503,3,12,12,0,0,0,0
50615.0,50615.0,0.9999999999999803,10.83202301082672,10.83202301082672,0.0,0,0,11,2310,3,12,12,0,0,0,0
11.03,11.03,0.9999999999093382,2.4874035299865875,2.4874035299865875,0.0,0,0,13843,13843,5,12,12,0,0,0,0
32.79,32.79,0.999999999969503,3.5201649007261984,3.5201649007261984,0.0,0,0,20,2135152,4,12,12,0,0,0,0
24.3,24.3,0.9999999999588477,3.2308043957334744,3.2308043957334744,0.0,0,0,214,255931,4,12,12,0,0,0,0
19.3,19.3,0.9999999999481866,3.0106208860477417,3.0106208860477417,0.0,0,0,3503,3503,5,12,12,0,0,0,0
19.1,19.1,0.999999999947644,3.0007198150650303,3.0007198150650303,0.0,0,0,20,20,5,12,12,0,0,0,0
180.09,180.09,0.9999999999944473,5.198994145253251,5.198994145253251,0.0,0,0,1831,272237,4,12,12,0,0,0,0
88.13,88.13,0.9999999999886531,4.490095978142626,4.490095978142626,0.0,0,0,13843,249383,4,12,12,0,0,0,0
138.95,138.95,0.9999999999928032,4.941285215961463,4.941285215961463,0.0,0,0,13600,295854,4,12,12,0,0,0,0
36.13,36.13,0.9999999999723223,3.6144252681889886,3.6144252681889886,0.0,0,0,21418,255931,4,12,12,0,0,0,0
16.31,16.31,0.9999999999386879,2.851284369188118,2.851284369188118,0.0,0,0,0,0,5,12,12,0,0,0,0
39.76,39.76,0.9999999999748492,3.707701208354524,3.707701208354524,0.0,0,0,11032,255931,4,12,12,0,0,0,0
35.4,35.4,0.9999999999717515,3.594568774642695,3.594568774642695,0.0,0,0,3503,122953,4,12,12,0,0,0,0
4560.11,4560.11,0.9999999999997806,8.425321293938966,8.425321293938966,0.0,0,0,2954,2954,5,12,12,0,0,0,0
13971.69,13971.69,0.9999999999999284,9.544859989190602,9.544859989190602,0.0,0,0,1313,1313,5,12,12,0,0,0,0
221692.0,221692.0,0.9999999999999956,12.30904882090656,12.30904882090656,0.0,0,0,1818,952,3,12,12,0,0,0,0
3.49,3.49,0.999999999713467,1.501852701754163,1.501852701754163,0.0,0,0,2954,2954,5,12,12,0,0,0,0
18.28,18.28,0.9999999999452954,2.9590682891823996,2.9590682891823996,0.0,0,0,1313,1313,5,12,12,0,0,0,0
169.85,169.85,0.9999999999941125,5.140785978561301,5.140785978561301,0.0,0,0,952,29655,4,12,12,0,0,0,0
9.75,9.75,0.9999999998974359,2.3749057545736716,2.3749057545736716,0.0,0,0,2310,2310,5,12,12,0,0,0,0
325.86,325.86,0.9999999999969312,5.789531944664912,5.789531944664912,0.0,0,0,1922,125344,4,12,12,0,0,0,0
22.94,22.94,0.999999999956408,3.1755507001298273,3.1755507001298273,0.0,0,0,1046,1046,5,12,12,0,0,0,0
232714.0,232714.0,0.9999999999999958,12.357569807891869,12.357569807891869,0.0,0,0,24842,24689,0,12,12,0,0,0,0
12468.32,12468.32,0.9999999999999197,9.431026506313122,9.431026506313122,0.0,0,0,14031,14031,5,12,12,0,0,0,0
8249.8,8249.8,0.9999999999998788,9.018065444324439,9.018065444324439,0.0,0,0,3902,3902,5,12,12,0,0,0,0
10272.16,10272.16,0.9999999999999026,9.237289947902726,9.237289947902726,0.0,0,0,24830,24830,5,12,12,0,0,0,0
990931.0,990931.0,0.9999999999999989,13.806401193399811,13.806401193399811,0.0,0,0,23602,11304,3,12,12,0,0,0,0
122643.0,122643.0,0.9999999999999918,11.717041128799853,11.717041128799853,0.0,0,0,20,14031,0,12,12,0,0,0,0
23.98,23.98,0.9999999999582986,3.2180755046974316,3.2180755046974316,0.0,0,0,24842,24842,5,12,12,0,0,0,0
36.73,36.73,0.9999999999727744,3.6304555339762192,3.6304555339762192,0.0,0,0,1488,20,4,12,12,0,0,0,0
1.02,1.02,0.9999999990196078,0.7030975114131134,0.7030975114131134,0.0,0,0,24689,11,4,12,12,0,0,0,0
20.99,20.99,0.9999999999523582,3.09058780456667,3.09058780456667,0.0,0,0,24830,24830,5,12,12,0,0,0,0
1.96,1.96,0.9999999994897959,1.085189268335969,1.085189268335969,0.0,0,0,11304,192012,4,12,12,0,0,0,0
40839293.0,40839293.0,1.0,17.525155264137762,17.525155264137762,0.0,0,0,20,15019,3,12,12,0,0,0,0
5331.62,5331.62,0.9999999999998124,8.58159795360848,8.58159795360848,0.0,0,0,20,20,5,12,12,0,0,0,0
22.89,22.89,0.9999999999563128,3.173459961337718,3.173459961337718,0.0,0,0,3761,3761,5,12,12,0,0,0,0
13.39,13.39,0.9999999999253174,2.6665335208992764,2.6665335208992764,0.0,0,0,11,17364,4,12,12,0,0,0,0
23.7,23.7,0.9999999999578059,3.2068032436339315,3.2068032436339315,0.0,0,0,14031,14031,5,12,12,0,0,0,0
70.48,70.48,0.9999999999858116,4.2694176902912275,4.2694176902912275,0.0,0,0,214,210105,4,12,12,0,0,0,0
21.29,21.29,0.9999999999530296,3.1041381473977774,3.1041381473977774,0.0,0,0,15019,278166,4,12,12,0,0,0,0
17310.56,17310.56,0.9999999999999422,9.759129765426731,9.759129765426731,0.0,0,0,11796,11796,5,12,12,0,0,0,0
647.0,647.0,0.9999999999984545,6.473890696352274,6.473890696352274,0.0,0,0,15325,4292,3,12,12,0,0,0,0
71706.0,71706.0,0.999999999999986,11.180343650832073,11.180343650832073,0.0,0,0,15019,25932,0,12,12,0,0,0,0
898444.14,898444.14,0.9999999999999988,13.708420926023924,13.708420926023924,0.0,0,0,25642,15594,3,12,12,0,0,0,0
4848.09,4848.09,0.9999999999997936,8.486546337461052,8.486546337461052,0.0,0,0,7098,7098,5,12,12,0,0,0,0
42761.0,42761.0,0.9999999999999767,10.663405136729926,10.663405136729926,0.0,0,0,25222,1313,3,12,12,0,0,0,0
8.69,8.69,0.9999999998849252,2.2710944259026746,2.2710944259026746,0.0,0,0,11796,11796,5,12,12,0,0,0,0
26.02,26.02,0.9999999999615681,3.2965773325320527,3.2965773325320527,0.0,0,0,11304,111554,4,12,12,0,0,0,0
7.02,7.02,0.9999999998575498,2.081938421878423,2.081938421878423,0.0,0,0,4292,191805,4,12,12,0,0,0,0
401.66,401.66,0.9999999999975103,5.998092533398203,5.998092533398203,0.0,0,0,25932,158979,4,12,12,0,0,0,0
34.65,34.65,0.9999999999711401,3.573749146860305,3.573749146860305,0.0,0,0,25444,63074,4,12,12,0,0,0,0
12.9,12.9,0.9999999999224806,2.631888840136646,2.631888840136646,0.0,0,0,15594,32425,4,12,12,0,0,0,0
13.06,13.06,0.9999999999234304,2.643333886382519,2.643333886382519,0.0,0,0,15325,15325,5,12,12,0,0,0,0
15.75,15.75,0.9999999999365079,2.8183982582710754,2.8183982582710754,0.0,0,0,7098,7098,5,12,12,0,0,0,0
12.59,12.59,0.9999999999205719,2.6093342281630525,2.6093342281630525,0.0,0,0,25642,25642,5,12,12,0,0,0,0
27.05,27.05,0.9999999999630315,3.3339886319687055,3.3339886319687055,0.0,0,0,1313,27512,4,12,12,0,0,0,0
7.1,7.1,0.9999999998591549,2.0918640616783932,2.0918640616783932,0.0,0,0,15325,178252,4,12,12,0,0,0,0
4863030.63,4863030.63,0.9999999999999998,15.397172593580276,15.397172593580276,0.0,0,0,718,718,5,12,12,0,0,0,0
1222.79,1222.79,0.9999999999991822,7.1097078797252395,7.1097078797252395,0.0,0,0,23435,23435,5,12,12,0,0,0,0
366.23,366.23,0.9999999999972695,5.9059883547555305,5.9059883547555305,0.0,0,0,26999,26999,5,12,12,0,0,0,0
2346712.0,2346712.0,0.9999999999999996,14.66852618358938,14.66852618358938,0.0,0,0,7098,25222,0,12,12,0,0,0,0
2986.68,2986.68,0.9999999999996652,8.00225244547077,8.00225244547077,0.0,0,0,26999,6109,0,12,12,0,0,0,0
1870673.0,1870673.0,0.9999999999999996,14.441809351699757,14.441809351699757,0.0,0,0,7818,4687,0,12,12,0,0,0,0
6.05,6.05,0.9999999998347108,1.9530276168241774,1.9530276168241774,0.0,0,0,23435,23435,5,12,12,0,0,0,0
27.27,27.27,0.9999999999633297,3.341801171705499,3.341801171705499,0.0,0,0,4292,121623,4,12,12,0,0,0,0
50.63,50.63,0.9999999999802489,3.9441028988915576,3.9441028988915576,0.0,0,0,25222,146853,4,12,12,0,0,0,0
7.8,7.8,0.9999999998717949,2.174751721484161,2.174751721484161,0.0,0,0,6109,16327,4,12,12,0,0,0,0
158.16,158.16,0.9999999999936774,5.069909985558728,5.069909985558728,0.0,0,0,4687,146853,4,12,12,0,0,0,0
47.86,47.86,0.9999999999791058,3.8889590658295945,3.8889590658295945,0.0,0,0,7061,121623,4,12,12,0,0,0,0
4055694.26,4055694.26,0.9999999999999998,15.215632688294425,15.215632688294425,0.0,0,0,4548,4548,5,12,12,0,0,0,0
4665.59,4665.59,0.9999999999997856,8.448183891222907,8.448183891222907,0.0,0,0,27907,2776,3,12,12,0,0,0,0
6644640.0,6644640.0,0.9999999999999999,15.709321223086903,15.709321223086903,0.0,0,0,18112,1315,3,12,12,0,0,0,0
487.64,487.64,0.9999999999979493,6.191626022030268,6.191626022030268,0.0,0,0,38268,38268,5,12,12,0,0,0,0
1900.61,1900.61,0.9999999999994739,7.550456174761648,7.550456174761648,0.0,0,0,35215,27907,0,12,12,0,0,0,0
6407.99,6407.99,0.9999999999998439,8.765456971197189,8.765456971197189,0.0,0,0,38271,38271,5,12,12,0,0,0,0
3946.72,3946.72,0.9999999999997466,8.280893476052473,8.280893476052473,0.0,0,0,25222,23435,0,12,12,0,0,0,0
496.08,496.08,0.9999999999979842,6.208750978937794,6.208750978937794,0.0,0,0,38517,38517,5,12,12,0,0,0,0
20858.84,20858.84,0.999999999999952,9.94558105834318,9.94558105834318,0.0,0,0,7998,7998,5,12,12,0,0,0,0
1123645.0,1123645.0,0.9999999999999992,13.932089313210454,13.932089313210454,0.0,0,0,4548,7770,3,12,12,0,0,0,0
45.16,45.16,0.9999999999778566,3.832113622199844,3.832113622199844,0.0,0,0,2776,116837,4,12,12,0,0,0,0
164.39,164.39,0.999999999993917,5.108306321269702,5.108306321269702,0.0,0,0,1315,13688,4,12,12,0,0,0,0
143.01,143.01,0.9999999999930076,4.969882741609291,4.969882741609291,0.0,0,0,4011,116837,4,12,12,0,0,0,0
181.09,181.09,0.999999999994478,5.204501070343752,5.204501070343752,0.0,0,0,1208,116837,4,12,12,0,0,0,0
8.63,8.63,0.9999999998841251,2.2648832258100344,2.2648832258100344,0.0,0,0,25222,25222,5,12,12,0,0,0,0
14.58,14.58,0.9999999999314129,2.7459880404426023,2.7459880404426023,0.0,0,0,18024,18024,5,12,12,0,0,0,0
67.05,67.05,0.9999999999850857,4.220242729097475,4.220242729097475,0.0,0,0,23435,48741,4,12,12,0,0,0,0
176.54,176.54,0.9999999999943356,5.179195935640173,5.179195935640173,0.0,0,0,4744,93615,4,12,12,0,0,0,0
19.5,19.5,0.9999999999487179,3.0204248861443626,3.0204248861443626,0.0,0,0,16315,16315,5,12,12,0,0,0,0
134.71,134.71,0.9999999999925767,4.910520256093279,4.910520256093279,0.0,0,0,7770,13688,4,12,12,0,0,0,0
14237505.01,14237505.01,0.9999999999999999,16.471390308862155,16.471390308862155,0.0,0,0,28313,28313,5,12,12,0,0,0,0
998.81,998.81,0.9999999999989988,6.90756526092985,6.90756526092985,0.0,0,0,38538,38538,5,12,12,0,0,0,0
2542.51,2542.51,0.9999999999996066,7.84130029584542,7.84130029584542,0.0,0,0,31287,31287,5,12,12,0,0,0,0
166174.73,166174.73,0.999999999999994,12.020801121859364,12.020801121859364,0.0,0,0,5610,5610,5,12,12,0,0,0,0
109237.84,109237.84,0.9999999999999908,11.601291956710316,11.601291956710316,0.0,0,0,5610,4011,3,12,12,0,0,0,0
32574.0,32574.0,0.9999999999999692,10.391300401993046,10.391300401993046,0.0,0,0,0,28313,0,12,12,0,0,0,0
879.0,879.0,0.9999999999988624,6.779921907472252,6.779921907472252,0.0,0,0,20,5610,3,12,12,0,0,0,0
22.63,22.63,0.9999999999558109,3.1625170911988163,3.1625170911988163,0.0,0,0,5610,5610,5,12,12,0,0,0,0
23.26,23.26,0.9999999999570077,3.1888289035159043,3.1888289035159043,0.0,0,0,16809,24703,4,12,12,0,0,0,0
156.76,156.76,0.9999999999936209,5.061074890854325,5.061074890854325,0.0,0,0,1315,7317,4,12,12,0,0,0,0
97.27,113.98,0.8533953325069888,4.744758200195145,4.587718792374336,16.710000000000008,0,0,4011,4011,0,12,4,0,1,0,0
97.27,97.27,0.9999999999897193,4.587718792374336,4.587718792374336,0.0,0,0,4011,279443,4,4,4,0,0,0,0
69.92,69.92,0.9999999999856979,4.2615524812060075,4.2615524812060075,0.0,0,0,15240,257203,4,12,12,0,0,0,0
3.92,3.92,0.999999999744898,1.5933085305042167,1.5933085305042167,0.0,0,0,24842,24703,4,12,12,0,0,0,0
3688068.22,3688068.22,0.9999999999999998,15.120613632462964,15.120613632462964,0.0,0,0,4744,4744,5,12,12,0,0,0,0
503.77,503.77,0.999999999998015,6.224102879983981,6.224102879983981,0.0,0,0,1601,1601,5,12,12,0,0,0,0
3855.49,3855.49,0.9999999999997407,8.257512722345929,8.257512722345929,0.0,0,0,17569,17569,5,12,12,0,0,0,0
14481.32,14481.32,0.9999999999999309,9.58068387410017,9.58068387410017,0.0,0,0,23435,23435,5,12,12,0,0,0,0
642197.48,642197.48,0.9999999999999983,13.372652693770844,13.372652693770844,0.0,0,0,17569,25580,0,12,12,0,0,0,0
268.0,268.0,0.9999999999962687,5.594711379601839,5.594711379601839,0.0,0,0,15123,1313,3,12,12,0,0,0,0
3503.94,3503.94,0.9999999999997146,8.161928680919887,8.161928680919887,0.0,0,0,39002,39002,5,12,12,0,0,0,0
4905.0,4905.0,0.999999999999796,8.498214224818435,8.498214224818435,0.0,0,0,13729,4548,0,12,12,0,0,0,0
12.77,12.77,0.9999999999216914,2.6224923127405635,2.6224923127405635,0.0,0,0,2597,2597,5,12,12,0,0,0,0
18.82,18.82,0.9999999999468651,2.986691528901842,2.986691528901842,0.0,0,0,27934,215275,4,12,12,0,0,0,0
14.26,18.42,0.7741585233021628,2.966303462863179,2.725235025856311,4.160000000000002,0,0,5991,5991,0,12,11,0,1,0,0
14.26,14.26,0.9999999999298738,2.725235025856311,2.725235025856311,0.0,0,0,5991,196551,4,11,11,0,0,0,0
30.11,30.11,0.9999999999667885,3.4375293109095457,3.4375293109095457,0.0,0,0,25580,153341,4,12,12,0,0,0,0
9.85,9.85,0.9999999998984771,2.3841650799864684,2.3841650799864684,0.0,0,0,1313,139257,4,12,12,0,0,0,0
15957240.75,15957240.75,0.9999999999999999,16.585423312368672,16.585423312368672,0.0,0,0,7141,7141,5,12,12,0,0,0,0
11.0,11.0,0.9999999999090909,2.4849066497880004,2.4849066497880004,0.0,0,0,7141,25644,3,12,12,0,0,0,0
81172.37,81172.37,0.9999999999999877,11.304342516695526,11.304342516695526,0.0,0,0,18822,18822,5,12,12,0,0,0,0
40836.68,40836.68,0.9999999999999756,10.61736046361311,10.61736046361311,0.0,0,0,1601,1601,5,12,12,0,0,0,0
2158.0,2158.0,0.9999999999995366,7.677400430514807,7.677400430514807,0.0,0,0,1601,15594,3,12,12,0,0,0,0
3043.0,3043.0,0.9999999999996714,8.020927718981577,8.020927718981577,0.0,0,0,27453,15123,3,12,12,0,0,0,0
42.15,42.15,0.9999999999762753,3.764682417529437,3.764682417529437,0.0,0,0,39053,39053,5,12,12,0,0,0,0
2314.0,2314.0,0.9999999999995679,7.747164966520335,7.747164966520335,0.0,0,0,7141,15327,0,12,12,0,0,0,0
2895.28,2895.28,0.9999999999996546,7.9711824339147785,7.9711824339147785,0.0,0,0,28219,28219,5,12,12,0,0,0,0
50000.0,50000.0,0.99999999999998,10.819798284210286,10.819798284210286,0.0,0,0,0,27453,0,12,12,0,0,0,0
38.74,38.74,0.999999999974187,3.6823582371236707,3.6823582371236707,0.0,0,0,25644,57778,4,12,12,0,0,0,0
5.58,5.58,0.9999999998207885,1.884034745337226,1.884034745337226,0.0,0,0,7998,298720,4,12,12,0,0,0,0
8.52,8.52,0.9999999998826291,2.253394848803274,2.253394848803274,0.0,0,0,7720,7720,5,12,12,0,0,0,0
210.62,210.62,0.9999999999952521,5.354792213476015,5.354792213476015,0.0,0,0,28474,25444,4,12,12,0,0,0,0
67.77,67.77,0.9999999999852441,4.230767603331745,4.230767603331745,0.0,0,0,23435,114025,4,12,12,0,0,0,0
3.54,3.54,0.9999999997175141,1.5129270120532565,1.5129270120532565,0.0,0,0,15594,57778,4,12,12,0,0,0,0
1.95,1.95,0.9999999994871794,1.0818051703517284,1.0818051703517284,0.0,0,0,26967,298720,4,12,12,0,0,0,0
8.35,8.35,0.9999999998802395,2.2353763433005955,2.2353763433005955,0.0,0,0,15123,252970,4,12,12,0,0,0,0
6.9,6.9,0.9999999998550725,2.066862759472976,2.066862759472976,0.0,0,0,4011,5610,4,12,12,0,0,0,0
82.07,82.07,0.9999999999878152,4.41968362585098,4.41968362585098,0.0,0,0,26134,115036,4,12,12,0,0,0,0
253.99,253.99,0.9999999999960629,5.541224328703197,5.541224328703197,0.0,0,0,15327,4563,4,12,12,0,0,0,0
11.11,11.11,0.999999999909991,2.494031557565001,2.494031557565001,0.0,0,0,13729,57778,4,12,12,0,0,0,0
67.75,67.75,0.9999999999852398,4.230476736546681,4.230476736546681,0.0,0,0,7810,57778,4,12,12,0,0,0,0
21017223.83,21017223.83,1.0,16.860852889482903,16.860852889482903,0.0,0,0,5991,5991,5,12,12,0,0,0,0
982.09,982.09,0.9999999999989818,6.890700672415947,6.890700672415947,0.0,0,0,25932,25932,5,12,12,0,0,0,0
9365.44,9365.44,0.9999999999998932,9.144888367072664,9.144888367072664,0.0,0,0,16327,16327,5,12,12,0,0,0,0
252.11,252.11,0.9999999999960335,5.533824176845645,5.533824176845645,0.0,0,0,8285,8285,5,12,12,0,0,0,0
4072.1,4072.1,0.9999999999997544,8.312159659274345,8.312159659274345,0.0,0,0,1831,9340,0,12,12,0,0,0,0
160450.0,160450.0,0.9999999999999938,11.985743878989757,11.985743878989757,0.0,0,0,1831,8882,3,12,12,0,0,0,0
5373.53,5373.53,0.9999999999998138,8.589426407312136,8.589426407312136,0.0,0,0,25932,29630,3,12,12,0,0,0,0
509.0,509.0,0.9999999999980353,6.234410725718371,6.234410725718371,0.0,0,0,25932,6697,0,12,12,0,0,0,0
7832.76,7832.76,0.9999999999998723,8.966197878065914,8.966197878065914,0.0,0,0,310575,310575,5,12,12,0,0,0,0
34.7,34.7,0.9999999999711816,3.5751506887855933,3.5751506887855933,0.0,0,0,15019,119393,4,12,12,0,0,0,0
27.9,27.9,0.9999999999641577,3.3638415951183864,3.3638415951183864,0.0,0,0,27934,212353,4,12,12,0,0,0,0
1.63,1.63,0.999999999386503,0.9669838461896731,0.9669838461896731,0.0,0,0,1046,112010,4,12,12,0,0,0,0
11.63,11.63,0.9999999999140154,2.5360749363624,2.5360749363624,0.0,0,0,9340,212353,4,12,12,0,0,0,0
39.41,39.41,0.9999999999746259,3.6990772790903823,3.6990772790903823,0.0,0,0,8882,249814,4,12,12,0,0,0,0
460.38,460.38,0.999999999997828,6.134221998462939,6.134221998462939,0.0,0,0,29630,25642,4,12,12,0,0,0,0
43.34,43.34,0.9999999999769267,3.7918872041881655,3.7918872041881655,0.0,0,0,28868,119393,4,12,12,0,0,0,0
43.15,43.15,0.9999999999768251,3.787592927049969,3.787592927049969,0.0,0,0,11,119393,4,12,12,0,0,0,0
15.07,15.07,0.999999999933643,2.776954179749421,2.776954179749421,0.0,0,0,5610,5610,5,12,12,0,0,0,0
109.04,109.04,0.999999999990829,4.700843936056374,4.700843936056374,0.0,0,0,6697,2162604,4,12,12,0,0,0,0
2.97,2.97,0.9999999996632997,1.3787660946990992,1.3787660946990992,0.0,0,0,7720,113957,4,12,12,0,0,0,0
8412.9,8412.9,0.9999999999998811,9.037640379126191,9.037640379126191,0.0,0,0,310018,310018,5,12,12,0,0,0,0
11990.09,11990.09,0.9999999999999165,9.391919152980488,9.391919152980488,0.0,0,0,2776,2776,5,12,12,0,0,0,0
106026.0,106026.0,0.9999999999999906,11.571449057640473,11.571449057640473,0.0,0,0,25828,21418,0,12,12,0,0,0,0
658.0,658.0,0.9999999999984802,6.490723534502507,6.490723534502507,0.0,0,0,18170,741,3,12,12,0,0,0,0
12648.0,12648.0,0.999999999999921,9.445333439647541,9.445333439647541,0.0,0,0,7818,4563,3,12,12,0,0,0,0
2313926.0,2313926.0,0.9999999999999996,14.654456639133558,14.654456639133558,0.0,0,0,4011,7720,3,12,12,0,0,0,0
13198.27,13198.27,0.9999999999999242,9.48791680401489,9.48791680401489,0.0,0,0,25644,25644,5,12,12,0,0,0,0
13.71,13.71,0.9999999999270606,2.688527534613346,2.688527534613346,0.0,0,0,25828,25828,5,12,12,0,0,0,0
5245.86,5245.86,0.9999999999998093,8.565385081417269,8.565385081417269,0.0,0,0,24689,24689,5,12,12,0,0,0,0
6186.28,6186.28,0.9999999999998382,8.730250850689277,8.730250850689277,0.0,0,0,9028,9028,5,12,12,0,0,0,0
1489.0,1489.0,0.9999999999993284,7.306531398939505,7.306531398939505,0.0,0,0,211052,29655,3,12,12,0,0,0,0
85155.0,85155.0,0.9999999999999882,11.352240147495628,11.352240147495628,0.0,0,0,25828,11081,3,12,12,0,0,0,0
42.42,42.42,0.9999999999764263,3.7709201644501458,3.7709201644501458,0.0,0,0,11304,146812,4,12,12,0,0,0,0
75.12,75.12,0.9999999999866879,4.332311042427949,4.332311042427949,0.0,0,0,718,26989,4,12,12,0,0,0,0
566.85,566.85,0.9999999999982359,6.341857299337655,6.341857299337655,0.0,0,0,21418,228064,4,12,12,0,0,0,0
27.07,27.07,0.9999999999630588,3.334701390373791,3.334701390373791,0.0,0,0,9888,2103339,4,12,12,0,0,0,0
11.23,11.23,0.9999999999109528,2.503891949699081,2.503891949699081,0.0,0,0,741,867,4,12,12,0,0,0,0
15.51,15.51,0.9999999999355255,2.8039662579320366,2.8039662579320366,0.0,0,0,10094,2105844,4,12,12,0,0,0,0
27.69,27.69,0.9999999999638859,3.3565486299932736,3.3565486299932736,0.0,0,0,4563,146812,4,12,12,0,0,0,0
20.08,20.08,0.9999999999501992,3.0483247236731614,3.0483247236731614,0.0,0,0,7770,26989,4,12,12,0,0,0,0
39.32,39.32,0.9999999999745678,3.696847623763113,3.696847623763113,0.0,0,0,110749,118676,4,12,12,0,0,0,0
2.29,2.29,0.9999999995633188,1.1908875647772805,1.1908875647772805,0.0,0,0,7720,23602,4,12,12,0,0,0,0
16.55,16.55,0.999999999939577,2.865053949911875,2.865053949911875,0.0,0,0,4011,4011,5,12,12,0,0,0,0
35.69,35.69,0.9999999999719811,3.6025042383671906,3.6025042383671906,0.0,0,0,29196,215071,4,12,12,0,0,0,0
9.5,9.5,0.9999999998947369,2.3513752571634776,2.3513752571634776,0.0,0,0,8381,26989,4,12,12,0,0,0,0
16.86,16.86,0.999999999940688,2.882563575448353,2.882563575448353,0.0,0,0,7141,146812,4,12,12,0,0,0,0
119.93,119.93,0.9999999999916618,4.795211865797184,4.795211865797184,0.0,0,0,29655,146812,4,12,12,0,0,0,0
98.1,98.1,0.9999999999898063,4.596129441335942,4.596129441335942,0.0,0,0,11081,25828,4,12,12,0,0,0,0
15.45,15.45,0.9999999999352751,2.800325477211381,2.800325477211381,0.0,0,0,7141,7141,5,12,12,0,0,0,0
253.61,253.61,0.9999999999960569,5.539732962649695,5.539732962649695,0.0,0,0,29463,29463,5,12,12,0,0,0,0
323.2,323.2,0.9999999999969059,5.781360609301576,5.781360609301576,0.0,0,0,15978,15978,5,12,12,0,0,0,0
6202.79,6202.79,0.9999999999998387,8.73291567459394,8.73291567459394,0.0,0,0,10601,10601,5,12,12,0,0,0,0
9370.27,9370.27,0.9999999999998932,9.145403905002002,9.145403905002002,0.0,0,0,14031,14031,5,12,12,0,0,0,0
2956.14,2956.14,0.9999999999996617,7.991977864014105,7.991977864014105,0.0,0,0,6845,12582,3,12,12,0,0,0,0
3314.59,3314.59,0.9999999999996984,8.106390865667462,8.106390865667462,0.0,0,0,6845,6845,5,12,12,0,0,0,0
1588.95,1588.95,0.9999999999993706,7.371457848178944,7.371457848178944,0.0,0,0,8285,8285,5,12,12,0,0,0,0
202.23,202.23,0.9999999999950552,5.314338342602215,5.314338342602215,0.0,0,0,29817,29817,5,12,12,0,0,0,0
723.0,723.0,0.9999999999986169,6.584791392385716,6.584791392385716,0.0,0,0,16809,8483,0,12,12,0,0,0,0
11306.53,11306.53,0.9999999999999115,9.333224154454824,9.333224154454824,0.0,0,0,311708,311708,5,12,12,0,0,0,0
10026.0,10026.0,0.9999999999999002,9.213036733523925,9.213036733523925,0.0,0,0,20,14031,0,12,12,0,0,0,0
13.82,13.82,0.9999999999276411,2.695977619867941,2.695977619867941,0.0,0,0,29463,29463,5,12,12,0,0,0,0
6.47,6.47,0.9999999998454405,2.010894999144726,2.010894999144726,0.0,0,0,28291,172412,4,12,12,0,0,0,0
11.67,11.67,0.9999999999143102,2.5392369943330477,2.5392369943330477,0.0,0,0,28291,198133,4,12,12,0,0,0,0
746.98,746.98,0.9999999999986613,6.617376239649097,6.617376239649097,0.0,0,0,12582,4214,4,12,12,0,0,0,0
12.11,12.11,0.9999999999174236,2.5733752977756086,2.5733752977756086,0.0,0,0,7141,227981,4,12,12,0,0,0,0
19.53,19.53,0.9999999999487967,3.0218872310308424,3.0218872310308424,0.0,0,0,0,0,5,12,12,0,0,0,0
10.39,10.39,0.9999999999037537,2.432735777459091,2.432735777459091,0.0,0,0,29817,29817,5,12,12,0,0,0,0
38.01,38.01,0.9999999999736913,3.663818023518565,3.663818023518565,0.0,0,0,8483,222107,4,12,12,0,0,0,0
18.38,18.38,0.9999999999455931,2.96424160646262,2.96424160646262,0.0,0,0,110749,110749,5,12,12,0,0,0,0
250.57,250.57,0.9999999999960092,5.5277212808330605,5.5277212808330605,0.0,0,0,3761,167996,4,12,12,0,0,0,0
5594.71,5594.71,0.9999999999998211,8.629755511712006,8.629755511712006,0.0,0,0,35995,35995,5,12,12,0,0,0,0
27052.16,27052.16,0.999999999999963,10.205559098154025,10.205559098154025,0.0,0,0,311881,311881,5,12,12,0,0,0,0
11362.72,11362.72,0.999999999999912,9.338181103458982,9.338181103458982,0.0,0,0,311882,24842,0,12,12,0,0,0,0
2679.12,2679.12,0.9999999999996267,7.8936168486218845,7.8936168486218845,0.0,0,0,36003,36003,5,12,12,0,0,0,0
1631.52,1631.52,0.999999999999387,7.397880112224087,7.397880112224087,0.0,0,0,24842,24842,5,12,12,0,0,0,0
67.47,67.47,0.9999999999851785,4.226395693132972,4.226395693132972,0.0,0,0,312111,312111,5,12,12,0,0,0,0
380824.0,380824.0,0.9999999999999974,12.850095231004902,12.850095231004902,0.0,0,0,7720,15325,0,12,12,0,0,0,0
4547.35,4547.35,0.99999999999978,8.42251980881353,8.42251980881353,0.0,0,0,312233,29655,3,12,12,0,0,0,0
1070.0,1070.0,0.9999999999990654,6.976348070447749,6.976348070447749,0.0,0,0,17364,19737,0,12,12,0,0,0,0
1555.45,1555.45,0.9999999999993571,7.350162866012019,7.350162866012019,0.0,0,0,29655,29655,5,12,12,0,0,0,0
708.82,708.82,0.9999999999985892,6.565011416766687,6.565011416766687,0.0,0,0,16811,16811,5,12,12,0,0,0,0
308.0,308.0,0.9999999999967533,5.733341276897746,5.733341276897746,0.0,0,0,29574,741,3,12,12,0,0,0,0
8387.17,8387.17,0.9999999999998808,9.0345776588646,9.0345776588646,0.0,0,0,8456,8456,5,12,12,0,0,0,0
2690.01,2690.01,0.9999999999996283,7.897671866810674,7.897671866810674,0.0,0,0,8996,8996,5,12,12,0,0,0,0
10251.0,10251.0,0.9999999999999024,9.235228087483963,9.235228087483963,0.0,0,0,29574,28348,0,12,12,0,0,0,0
10066.17,10066.17,0.9999999999999006,9.217034913444893,9.217034913444893,0.0,0,0,8917,8917,5,12,12,0,0,0,0
22.22,22.22,0.9999999999549954,3.1450139762697455,3.1450139762697455,0.0,0,0,24457,15379,4,12,12,0,0,0,0
72.74,72.74,0.9999999999862523,4.300545392805998,4.300545392805998,0.0,0,0,4563,29817,4,12,12,0,0,0,0
20.25,20.25,0.9999999999506173,3.056356895370426,3.056356895370426,0.0,0,0,1315,1315,5,12,12,0,0,0,0
61.57,61.57,0.9999999999837583,4.136285930010272,4.136285930010272,0.0,0,0,111667,2597,4,12,12,0,0,0,0
493.2,493.2,0.9999999999979724,6.2029402935545095,6.2029402935545095,0.0,0,0,19596,270495,4,12,12,0,0,0,0
10.48,10.48,0.9999999999045801,2.4406063908914204,2.4406063908914204,0.0,0,0,11,11,5,12,12,0,0,0,0
20.83,20.83,0.9999999999519923,3.0832851705618523,3.0832851705618523,0.0,0,0,11,2597,4,12,12,0,0,0,0
9.81,9.81,0.9999999998980632,2.3804716316511167,2.3804716316511167,0.0,0,0,15325,107298,4,12,12,0,0,0,0
3.55,3.55,0.9999999997183099,1.5151272329628591,1.5151272329628591,0.0,0,0,19737,270495,4,12,12,0,0,0,0
9.06,9.06,0.9999999998896247,2.3085671646715933,2.3085671646715933,0.0,0,0,741,270495,4,12,12,0,0,0,0
23.21,23.21,0.9999999999569151,3.1867657709499673,3.1867657709499673,0.0,0,0,8456,8456,5,12,12,0,0,0,0
22.46,22.46,0.9999999999554764,3.1552968432253294,3.1552968432253294,0.0,0,0,8996,8996,5,12,12,0,0,0,0
21.36,21.36,0.9999999999531836,3.1072736482868986,3.1072736482868986,0.0,0,0,28348,29817,4,12,12,0,0,0,0
16295937.26,16295937.26,0.9999999999999999,16.606426448221807,16.606426448221807,0.0,0,0,1208,1208,5,12,12,0,0,0,0
3893.18,3893.18,0.9999999999997431,8.267238409825284,8.267238409825284,0.0,0,0,0,0,5,12,12,0,0,0,0
2013.18,2013.18,0.9999999999995033,7.6079674436642,7.6079674436642,0.0,0,0,17976,17976,5,12,12,0,0,0,0
2647.24,2647.24,0.9999999999996223,7.881650547390934,7.881650547390934,0.0,0,0,312393,0,0,12,12,0,0,0,0
1266.54,1266.54,0.9999999999992104,7.144833293152794,7.144833293152794,0.0,0,0,312394,312394,5,12,12,0,0,0,0
788.41,788.41,0.9999999999987317,6.671285830997509,6.671285830997509,0.0,0,0,11796,11796,5,12,12,0,0,0,0
418998.41,418998.41,0.9999999999999977,12.945624790788726,12.945624790788726,0.0,0,0,1922,1922,5,12,12,0,0,0,0
428436.68,428436.68,0.9999999999999977,12.967900568869974,12.967900568869974,0.0,0,0,111667,9340,3,12,12,0,0,0,0
48314.29,48314.29,0.9999999999999793,10.785503352692121,10.785503352692121,0.0,0,0,312834,312834,5,12,12,0,0,0,0
2114.15,2114.15,0.999999999999527,7.6568810109513485,7.6568810109513485,0.0,0,0,36923,36923,5,12,12,0,0,0,0
57198.51,57198.51,0.9999999999999826,10.954300610897631,10.954300610897631,0.0,0,0,13146,13146,5,12,12,0,0,0,0
2294.05,2294.05,0.9999999999995641,7.738509908749698,7.738509908749698,0.0,0,0,29630,29630,5,12,12,0,0,0,0
1060843.34,1060843.34,0.9999999999999991,13.87457569618273,13.87457569618273,0.0,0,0,8381,10542,0,12,12,0,0,0,0
47.6,47.6,0.9999999999789917,3.883623530906448,3.883623530906448,0.0,0,0,18112,29655,4,12,12,0,0,0,0
290.1,290.1,0.999999999996553,5.6736668507515775,5.6736668507515775,0.0,0,0,0,124877,4,12,12,0,0,0,0
89.5,89.5,0.9999999999888268,4.505349850705881,4.505349850705881,0.0,0,0,8456,29655,4,12,12,0,0,0,0
28.61,28.61,0.9999999999650472,3.3881121421135,3.3881121421135,0.0,0,0,9340,279562,4,12,12,0,0,0,0
17.77,17.77,0.9999999999437253,2.9322598505984176,2.9322598505984176,0.0,0,0,111667,111667,5,12,12,0,0,0,0
10.76,10.76,0.9999999999070632,2.464703942470481,2.464703942470481,0.0,0,0,110528,124877,4,12,12,0,0,0,0
175.45,175.45,0.9999999999943004,5.173037550121279,5.173037550121279,0.0,0,0,25642,15598,4,12,12,0,0,0,0
4.03,4.03,0.999999999751861,1.6154199841116479,1.6154199841116479,0.0,0,0,29630,29630,5,12,12,0,0,0,0
8.38,8.38,0.9999999998806682,2.238579763018133,2.238579763018133,0.0,0,0,5991,29655,4,12,12,0,0,0,0
7.57,7.57,0.9999999998678996,2.1482677326096886,2.1482677326096886,0.0,0,0,18170,29655,4,12,12,0,0,0,0
117.42,117.42,0.9999999999914835,4.77423762710363,4.77423762710363,0.0,0,0,10057,29655,4,12,12,0,0,0,0
22.97,22.97,0.9999999999564649,3.176803048446293,3.176803048446293,0.0,0,0,10542,11,4,12,12,0,0,0,0
8873.97,8873.97,0.9999999999998873,9.090990234056212,9.090990234056212,0.0,0,0,8381,8381,5,12,12,0,0,0,0
15525.0,15525.0,0.9999999999999356,9.650271316965625,9.650271316965625,0.0,0,0,5655,15594,3,12,12,0,0,0,0
71.06,71.06,0.9999999999859274,4.277499105319947,4.277499105319947,0.0,0,0,28474,28474,5,12,12,0,0,0,0
1149.28,1149.28,0.9999999999991299,7.047760669982144,7.047760669982144,0.0,0,0,110749,110749,5,12,12,0,0,0,0
657.06,657.06,0.9999999999984781,6.489296112578515,6.489296112578515,0.0,0,0,29977,29977,5,12,12,0,0,0,0
2660608.41,2660608.41,0.9999999999999997,14.794065756021899,14.794065756021899,0.0,0,0,210658,4011,3,12,12,0,0,0,0
738.66,738.66,0.9999999999986462,6.606190621154917,6.606190621154917,0.0,0,0,13843,13843,5,12,12,0,0,0,0
6384.09,6384.09,0.9999999999998432,8.761720863903712,8.761720863903712,0.0,0,0,212490,212490,5,12,12,0,0,0,0
9681.35,9681.35,0.9999999999998966,9.178059919402138,9.178059919402138,0.0,0,0,1488,1488,5,12,12,0,0,0,0
65.01,65.01,0.9999999999846177,4.189806245700679,4.189806245700679,0.0,0,0,110200,217678,4,12,12,0,0,0,0
12.66,12.66,0.9999999999210111,2.614471854142644,2.614471854142644,0.0,0,0,8381,8381,5,12,12,0,0,0,0
27.18,27.18,0.9999999999632082,3.3386125064705343,3.3386125064705343,0.0,0,0,15594,24689,4,12,12,0,0,0,0
15.27,15.27,0.9999999999345122,2.7893229212309465,2.7893229212309465,0.0,0,0,110749,110749,5,12,12,0,0,0,0
10.77,10.77,0.9999999999071495,2.4655539212721855,2.4655539212721855,0.0,0,0,211767,235985,4,12,12,0,0,0,0
68.15,68.15,0.9999999999853264,4.236278058110767,4.236278058110767,0.0,0,0,13514,37910,4,12,12,0,0,0,0
15.25,15.25,0.9999999999344262,2.7880929087757464,2.7880929087757464,0.0,0,0,4011,3902,4,12,12,0,0,0,0
16.99,16.99,0.9999999999411419,2.8898160479624417,2.8898160479624417,0.0,0,0,29655,32439,4,12,12,0,0,0,0
14340474.1,14340474.1,0.9999999999999999,16.47859652368874,16.47859652368874,0.0,0,0,13146,13146,5,12,12,0,0,0,0
5588.65,5588.65,0.999999999999821,8.628671952382145,8.628671952382145,0.0,0,0,310836,310836,5,12,12,0,0,0,0
55655.9,55655.9,0.9999999999999821,10.926961338235992,10.926961338235992,0.0,0,0,1315,112136,0,12,12,0,0,0,0
122355.0,122355.0,0.9999999999999918,11.71469010730879,11.71469010730879,0.0,0,0,212191,12351,3,12,12,0,0,0,0
1898.52,1898.52,0.9999999999994733,7.549356501658852,7.549356501658852,0.0,0,0,18453,18453,5,12,12,0,0,0,0
6086.61,6086.61,0.9999999999998357,8.714010837042784,8.714010837042784,0.0,0,0,1315,1315,5,12,12,0,0,0,0
20.41,20.41,0.9999999999510044,3.0638581026015914,3.0638581026015914,0.0,0,0,13146,13146,5,12,12,0,0,0,0
5.36,5.36,0.9999999998134328,1.8500283773520307,1.8500283773520307,0.0,0,0,16315,16315,5,12,12,0,0,0,0
22.87,22.87,0.9999999999562746,3.1726224403507386,3.1726224403507386,0.0,0,0,112136,21418,4,12,12,0,0,0,0
175.65,175.65,0.9999999999943069,5.174170373805154,5.174170373805154,0.0,0,0,11,111632,4,12,12,0,0,0,0
9.31,9.31,0.9999999998925886,2.333114298028869,2.333114298028869,0.0,0,0,112136,112136,5,12,12,0,0,0,0
43.16,43.16,0.9999999999768305,3.78781940196884,3.78781940196884,0.0,0,0,12351,5610,4,12,12,0,0,0,0
289.96,289.96,0.9999999999965513,5.673185800678733,5.673185800678733,0.0,0,0,0,21418,4,12,12,0,0,0,0
1929.9,1929.9,0.9999999999994819,7.565741494448493,7.565741494448493,0.0,0,0,24842,24842,5,12,12,0,0,0,0
797.12,797.12,0.9999999999987454,6.6822589620843305,6.6822589620843305,0.0,0,0,25932,25932,5,12,12,0,0,0,0
4.27,4.27,0.9999999997658079,1.6620303625532709,1.6620303625532709,0.0,0,0,28474,28474,5,12,12,0,0,0,0
21.78,21.78,0.9999999999540863,3.125882958019036,3.125882958019036,0.0,0,0,28348,28348,5,12,12,0,0,0,0
6.66,6.66,0.9999999998498499,2.0360119837525,2.0360119837525,0.0,0,0,23435,28781,4,12,12,0,0,0,0
3.97,3.97,0.9999999997481108,1.6034198401085376,1.6034198401085376,0.0,0,0,14992,213595,4,12,12,0,0,0,0
12.91,12.91,0.9999999999225406,2.6326080059353516,2.6326080059353516,0.0,0,0,13347,13347,5,12,12,0,0,0,0
11.21,11.21,0.9999999999107939,2.502255288122613,2.502255288122613,0.0,0,0,0,0,5,12,12,0,0,0,0
169390.13,169390.13,0.9999999999999941,12.039965698554104,12.039965698554104,0.0,0,0,0,0,5,12,12,0,0,0,0
1064597.11,1064597.11,0.9999999999999991,13.878107924404546,13.878107924404546,0.0,0,0,20,20,5,12,12,0,0,0,0
19.18,19.18,0.9999999999478624,3.004692014925463,3.004692014925463,0.0,0,0,0,0,5,12,12,0,0,0,0
23.48,23.48,0.9999999999574105,3.1978564576441255,3.1978564576441255,0.0,0,0,0,0,5,12,12,0,0,0,0
163068.64,163068.64,0.9999999999999939,12.001932627811996,12.001932627811996,0.0,0,0,20,20,5,12,12,0,0,0,0
6.42,6.42,0.9999999998442367,2.004179057179289,2.004179057179289,0.0,0,0,20,20,5,12,12,0,0,0,0
982289.26,982289.26,0.9999999999999989,13.797642124109373,13.797642124109373,0.0,0,0,20,20,5,12,12,0,0,0,0
11.24,11.24,0.9999999999110321,2.50470927708418,2.50470927708418,0.0,0,0,20,20,5,12,12,0,0,0,0
104583.9,104583.9,0.9999999999999905,11.557754460727502,11.557754460727502,0.0,0,0,11,11,5,12,12,0,0,0,0
167.41,167.41,0.9999999999940267,5.126401482467963,5.126401482467963,0.0,0,0,20,20,3,12,12,0,0,0,0
401.34,401.34,0.9999999999975083,5.997297502300426,5.997297502300426,0.0,0,0,20,20,2,12,12,1,0,0,0
205634.52,205634.52,0.9999999999999952,12.233860560287313,12.233860560287313,0.0,0,0,20,20,5,12,12,0,0,0,0
87647.49,87647.49,0.9999999999999886,11.381089662591172,11.381089662591172,0.0,0,0,20,20,5,12,12,0,0,0,0
5105.92,5105.92,0.999999999999804,8.53835176175111,8.53835176175111,0.0,0,0,70,20,3,12,12,0,0,0,0
468351.35,468351.35,0.9999999999999979,13.05697617623972,13.05697617623972,0.0,0,0,11,11,5,12,12,0,0,0,0
1135598.87,1135598.87,0.9999999999999992,13.942671589104018,13.942671589104018,0.0,0,0,11,11,5,12,12,0,0,0,0
8.96,8.96,0.9999999998883928,2.298577071596507,2.298577071596507,0.0,0,0,20,20,5,12,12,0,0,0,0
17817.54,17817.54,0.9999999999999438,9.787994767253057,9.787994767253057,0.0,0,0,0,0,5,12,12,0,0,0,0
18.48,18.48,0.9999999999458874,2.969388298214389,2.969388298214389,0.0,0,0,0,0,5,12,12,0,0,0,0
24.37,24.37,0.9999999999589659,3.2335673736111907,3.2335673736111907,0.0,0,0,11,11,5,12,12,0,0,0,0
1048472.01,1048472.01,0.999999999999999,13.862845387457266,13.862845387457266,0.0,0,0,0,0,5,12,12,0,0,0,0
7100.75,7100.75,0.9999999999998591,8.86809651153172,8.86809651153172,0.0,0,0,0,0,5,12,12,0,0,0,0
5.65,5.65,0.9999999998230088,1.8946168546677629,1.8946168546677629,0.0,0,0,20,20,5,12,12,0,0,0,0
23.06,23.06,0.9999999999566349,3.180550710546533,3.180550710546533,0.0,0,0,0,0,5,12,12,0,0,0,0
10.32,10.32,0.9999999999031007,2.4265710727750367,2.4265710727750367,0.0,0,0,20,20,5,12,12,0,0,0,0
22.13,22.13,0.9999999999548125,3.141130476243348,3.141130476243348,0.0,0,0,0,0,5,12,12,0,0,0,0
416110.6,416110.6,0.9999999999999977,12.938708772496414,12.938708772496414,0.0,0,0,11,11,5,12,12,0,0,0,0
84564.74,84564.74,0.9999999999999881,11.345284499035024,11.345284499035024,0.0,0,0,0,0,5,12,12,0,0,0,0
109268.41,109268.41,0.9999999999999908,11.60157176308101,11.60157176308101,0.0,0,0,11,11,5,12,12,0,0,0,0
